code,name,official,exchange,main_symbol,avg_oi_120d,avg_vol_120d,data_upto,mcm_src,active,archive,是否保留
DCE.M,豆粕,豆粕,DCE,M888,4890743,1718689,2026/10/9,spot_basis,TRUE,FALSE,是
DCE.C,玉米,黄玉米,DCE,C888,1922160,794961,2026/10/9,spot_basis,TRUE,FALSE,是
DCE.V,PVC,聚氯乙烯,DCE,V888,1851496,1391406,2026/10/9,spot_basis,TRUE,FALSE,是
DCE.Y,豆油,豆油,DCE,Y888,1222274,407536,2026/10/9,spot_basis,TRUE,FALSE,是
DCE.I,铁矿石,铁矿石,DCE,I888,1138271,347721,2026/10/9,spot_basis,TRUE,FALSE,是
DCE.PP,聚丙烯,聚丙烯,DCE,PP888,1034191,957585,2026/10/9,spot_basis,TRUE,FALSE,是
DCE.P,棕榈油,棕榈油,DCE,P888,900031,690628,2026/10/9,spot_basis,TRUE,FALSE,是
DCE.JM,焦煤,焦煤,DCE,JM888,825489,1036371,2026/10/9,spot_basis,TRUE,FALSE,是
DCE.JD,鸡蛋,鸡蛋,DCE,JD888,820232,1031892,2026/10/9,spot_basis,TRUE,FALSE,是
DCE.L,塑料,线型低密度聚乙烯,DCE,L888,768536,670905,2026/10/9,spot_basis,TRUE,FALSE,是
DCE.EG,乙二醇,乙二醇,DCE,EG888,658688,1296546,2026/10/9,spot_basis,TRUE,FALSE,是
DCE.A,豆一,黄大豆1号,DCE,A888,590694,383151,2026/10/9,spot_basis,TRUE,FALSE,是
DCE.EB,苯乙烯,苯乙烯,DCE,EB888,582848,940419,2026/10/9,spot_basis,TRUE,FALSE,是
DCE.LH,生猪,生猪,DCE,LH888,527563,252164,2026/10/9,spot_basis,TRUE,FALSE,是
DCE.CS,淀粉,玉米淀粉,DCE,CS888,397739,186546,2026/9/30,oi_inferred,TRUE,FALSE,否
DCE.B,豆二,黄大豆2号,DCE,B888,345863,239996,2026/9/30,oi_inferred,TRUE,FALSE,否
DCE.PG,LPG,液化石油气,DCE,PG888,172013,153228,2026/10/9,spot_basis,TRUE,FALSE,是
DCE.J,焦炭,冶金焦炭,DCE,J888,74279,55388,2026/10/9,spot_basis,TRUE,FALSE,是
DCE.RR,粳米,粳米,DCE,RR888,54275,5721,2026/9/30,oi_inferred,TRUE,FALSE,否
DCE.BZ,纯苯,纯苯,DCE,,29326,44779,2026/9/30,spot_basis,TRUE,FALSE,否
DCE.BB,胶合板,胶合板,DCE,BB888,0,0,-,oi_inferred,FALSE,FALSE,否
DCE.FB,纤维板,纤维板,DCE,FB888,0,0,-,oi_inferred,FALSE,FALSE,否
DCE.LG,原木,原木,DCE,LG888,0,0,-,oi_inferred,TRUE,FALSE,否
CZCE.FG,玻璃,玻璃,CZCE,FG888,4007817,3188729,2026/10/9,spot_basis,TRUE,FALSE,是
CZCE.SA,纯碱,纯碱,CZCE,SA888,2226542,1782935,2026/10/9,spot_basis,TRUE,FALSE,是
CZCE.TA,PTA,精对苯二甲酸,CZCE,TA888,2187609,1701199,2026/10/9,spot_basis,TRUE,FALSE,是
CZCE.MA,甲醇,甲醇N,CZCE,MA888,1663361,2686139,2026/10/9,spot_basis,TRUE,FALSE,是
CZCE.RM,菜粕,菜籽粕,CZCE,RM888,1484843,1061461,2026/10/9,spot_basis,TRUE,FALSE,是
CZCE.SR,白糖,白砂糖,CZCE,SR888,1128303,631579,2026/10/9,spot_basis,TRUE,FALSE,是
CZCE.CF,棉花,一号棉花,CZCE,CF888,1009991,494906,2026/10/9,spot_basis,TRUE,FALSE,是
CZCE.SM,锰硅,锰硅,CZCE,SM888,746289,437486,2026/10/9,spot_basis,TRUE,FALSE,是
CZCE.OI,菜油,菜籽油,CZCE,OI888,578107,374580,2026/10/9,spot_basis,TRUE,FALSE,是
CZCE.SF,硅铁,硅铁,CZCE,SF888,526765,509609,2026/10/9,spot_basis,TRUE,FALSE,是
CZCE.UR,尿素,尿素,CZCE,UR888,496218,287811,2026/10/9,spot_basis,TRUE,FALSE,是
CZCE.SH,烧碱,烧碱,CZCE,SH888,410186,630868,2026/10/9,spot_basis,TRUE,FALSE,是
CZCE.PK,花生,花生仁,CZCE,PK888,356989,220793,2026/9/30,oi_inferred,TRUE,FALSE,是
CZCE.PX,对二甲苯,对二甲苯,CZCE,PX888,298824,462186,2026/10/9,spot_basis,TRUE,FALSE,是
CZCE.PF,短纤,短纤,CZCE,PF888,287052,372491,2026/10/9,spot_basis,TRUE,FALSE,是
CZCE.CJ,红枣,红枣,CZCE,CJ888,265340,191888,2026/9/30,oi_inferred,TRUE,FALSE,是
CZCE.AP,苹果,苹果,CZCE,AP888,164198,130701,2026/9/30,oi_inferred,TRUE,FALSE,是
CZCE.PR,瓶片,瓶片,CZCE,PR888,83719,152526,2026/10/9,spot_basis,TRUE,FALSE,是
CZCE.PL,丙烯,丙烯,CZCE,,40293,91390,2026/9/30,spot_basis,TRUE,FALSE,否
CZCE.CY,棉纱,棉纱,CZCE,CY888,18328,17485,2026/10/9,spot_basis,TRUE,FALSE,否
CZCE.RS,油菜籽,油菜籽,CZCE,RS888,47,32,2026/9/30,oi_inferred,TRUE,FALSE,否
CZCE.JR,粳稻,粳稻,CZCE,JR888,0,0,-,无,FALSE,FALSE,否
CZCE.LR,晚籼稻,晚籼稻,CZCE,LR888,0,0,-,无,FALSE,FALSE,否
CZCE.ME,,,CZCE,ME888,0,0,-,无,FALSE,FALSE,否
CZCE.PM,普通小麦,普通小麦,CZCE,PM888,0,0,-,spot_basis,FALSE,FALSE,否
CZCE.RI,早籼稻,早籼稻,CZCE,RI888,0,0,-,无,FALSE,FALSE,否
CZCE.TC,,,CZCE,TC888,0,0,-,无,FALSE,FALSE,否
CZCE.WH,优质强筋小麦,优质强筋小麦,CZCE,WH888,0,0,-,spot_basis,FALSE,FALSE,否
CZCE.ZC,动力煤N,动力煤N,CZCE,ZC888,0,0,-,无,FALSE,FALSE,否
SHFE.RB,螺纹钢,螺纹钢,SHFE,RB888,2689744,916622,2026/10/9,spot_basis,TRUE,FALSE,是
SHFE.HC,热卷,热轧卷板,SHFE,HC888,2049907,490403,2026/10/9,spot_basis,TRUE,FALSE,是
SHFE.AL,沪铝,铝,SHFE,AL888,597863,310097,2026/10/9,spot_basis,TRUE,FALSE,是
SHFE.BU,沥青,石油沥青,SHFE,BU888,553695,817261,2026/10/9,spot_basis,TRUE,FALSE,是
SHFE.CU,沪铜,铜,SHFE,CU888,507669,175667,2026/10/9,spot_basis,TRUE,FALSE,是
SHFE.AG,沪银,白银,SHFE,AG888,488413,994837,2026/10/9,spot_basis,TRUE,FALSE,是
SHFE.AO,氧化铝,氧化铝,SHFE,AO888,470897,300106,2026/9/30,oi_inferred,TRUE,FALSE,是
SHFE.SP,纸浆,漂针浆,SHFE,SP888,436136,386040,2026/10/9,spot_basis,TRUE,FALSE,是
SHFE.FU,燃料油,燃料油,SHFE,FU888,416877,958897,2026/10/9,spot_basis,TRUE,FALSE,是
SHFE.NI,沪镍,镍,SHFE,NI888,327539,282047,2026/10/9,spot_basis,TRUE,FALSE,是
SHFE.AU,沪金,黄金,SHFE,AU888,324859,335039,2026/10/9,spot_basis,TRUE,FALSE,是
SHFE.ZN,沪锌,锌,SHFE,ZN888,230112,211669,2026/10/9,spot_basis,TRUE,FALSE,是
SHFE.RU,橡胶,天然橡胶,SHFE,RU888,181864,323969,2026/10/9,spot_basis,TRUE,FALSE,是
SHFE.SS,不锈钢,不锈钢,SHFE,SS888,165905,238265,2026/10/9,spot_basis,TRUE,FALSE,是
SHFE.PB,沪铅,铅,SHFE,PB888,135985,98803,2026/10/9,spot_basis,TRUE,FALSE,是
SHFE.BR,丁二烯橡胶,丁二烯橡胶,SHFE,BR888,129777,259391,2026/10/9,spot_basis,TRUE,FALSE,是
SHFE.SN,沪锡,锡,SHFE,SN888,76101,243562,2026/10/9,spot_basis,TRUE,FALSE,是
SHFE.AD,铝合金,铝合金,SHFE,,23213,11052,2026/9/30,oi_inferred,TRUE,FALSE,否
SHFE.OP,胶版纸,胶版纸,SHFE,,23157,9708,2026/9/30,oi_inferred,TRUE,FALSE,否
SHFE.WR,线材,线材,SHFE,WR888,45,26,2026/10/9,spot_basis,TRUE,FALSE,否
INE.NR,20号胶,20号胶,INE,NR888,136453,138778,2026/9/30,oi_inferred,TRUE,FALSE,否
INE.LU,低硫燃料油,低硫燃料油,INE,LU888,106293,158797,2026/9/30,oi_inferred,TRUE,FALSE,是
INE.SC,原油,原油,INE,SC888,80875,192554,2026/9/30,oi_inferred,TRUE,FALSE,是
INE.BC,国际铜,国际铜,INE,BC888,11045,5579,2026/9/30,oi_inferred,TRUE,FALSE,是
INE.EC,集运欧线,SCFIS欧线,INE,EC888,0,0,-,oi_inferred,TRUE,FALSE,是
GFEX.LC,碳酸锂,碳酸锂,GFEX,LC888,634240,287428,2026/10/9,spot_basis,TRUE,FALSE,是
GFEX.SI,工业硅,工业硅,GFEX,SI888,402422,241779,2026/10/9,spot_basis,TRUE,FALSE,是
GFEX.PS,多晶硅,多晶硅,GFEX,PS888,164251,129239,2026/10/9,spot_basis,TRUE,FALSE,是
GFEX.PD,钯,钯,GFEX,,0,0,-,无,FALSE,FALSE,否
GFEX.PT,铂,铂,GFEX,,0,0,-,无,FALSE,FALSE,否
CFFEX.IC,中证500,中证500指数,CFFEX,IC888,0,0,-,oi_inferred,TRUE,TRUE,否
CFFEX.IF,沪深300,沪深300指数,CFFEX,IF888,0,0,-,oi_inferred,TRUE,TRUE,否
CFFEX.IH,上证50,上证50指数,CFFEX,IH888,0,0,-,oi_inferred,TRUE,TRUE,否
CFFEX.IM,中证1000,中证1000指数,CFFEX,IM888,0,0,-,oi_inferred,TRUE,TRUE,否
CFFEX.T,10年国债,10年期国债期货,CFFEX,T888,0,0,-,oi_inferred,TRUE,TRUE,否
CFFEX.TF,5年国债,5年期国债期货,CFFEX,TF888,0,0,-,oi_inferred,TRUE,TRUE,否
CFFEX.TL,30年国债,30年期国债期货,CFFEX,TL888,0,0,-,oi_inferred,TRUE,TRUE,否
CFFEX.TS,2年国债,2年期国债期货,CFFEX,TS888,0,0,-,oi_inferred,TRUE,TRUE,否
