exchange,variety_code,session_type,start_time,end_time,next_day_flag
,NAN,day,09:00,10:15,false
,NAN,day,10:30,11:30,false
,NAN,day,13:30,15:00,false
SHFE,AG,day,09:00,10:15,false
SHFE,AG,day,10:30,11:30,false
SHFE,AG,day,13:30,15:00,false
SHFE,AL,day,09:00,10:15,false
SHFE,AL,day,10:30,11:30,false
SHFE,AL,day,13:30,15:00,false
SHFE,AO,day,09:00,10:15,false
SHFE,AO,day,10:30,11:30,false
SHFE,AO,day,13:30,15:00,false
SHFE,AD,day,09:00,10:15,false
SHFE,AD,day,10:30,11:30,false
SHFE,AD,day,13:30,15:00,false
SHFE,AU,day,09:00,10:15,false
SHFE,AU,day,10:30,11:30,false
SHFE,AU,day,13:30,15:00,false
SHFE,CU,day,09:00,10:15,false
SHFE,CU,day,10:30,11:30,false
SHFE,CU,day,13:30,15:00,false
SHFE,FU,day,09:00,10:15,false
SHFE,FU,day,10:30,11:30,false
SHFE,FU,day,13:30,15:00,false
SHFE,PB,day,09:00,10:15,false
SHFE,PB,day,10:30,11:30,false
SHFE,PB,day,13:30,15:00,false
SHFE,RB,day,09:00,10:15,false
SHFE,RB,day,10:30,11:30,false
SHFE,RB,day,13:30,15:00,false
SHFE,RU,day,09:00,10:15,false
SHFE,RU,day,10:30,11:30,false
SHFE,RU,day,13:30,15:00,false
SHFE,BR,day,09:00,10:15,false
SHFE,BR,day,10:30,11:30,false
SHFE,BR,day,13:30,15:00,false
SHFE,WR,day,09:00,10:15,false
SHFE,WR,day,10:30,11:30,false
SHFE,WR,day,13:30,15:00,false
SHFE,BU,day,09:00,10:15,false
SHFE,BU,day,10:30,11:30,false
SHFE,BU,day,13:30,15:00,false
SHFE,HC,day,09:00,10:15,false
SHFE,HC,day,10:30,11:30,false
SHFE,HC,day,13:30,15:00,false
SHFE,NI,day,09:00,10:15,false
SHFE,NI,day,10:30,11:30,false
SHFE,NI,day,13:30,15:00,false
SHFE,SN,day,09:00,10:15,false
SHFE,SN,day,10:30,11:30,false
SHFE,SN,day,13:30,15:00,false
SHFE,SP,day,09:00,10:15,false
SHFE,SP,day,10:30,11:30,false
SHFE,SP,day,13:30,15:00,false
SHFE,OP,day,09:00,10:15,false
SHFE,OP,day,10:30,11:30,false
SHFE,OP,day,13:30,15:00,false
SHFE,SS,day,09:00,10:15,false
SHFE,SS,day,10:30,11:30,false
SHFE,SS,day,13:30,15:00,false
SHFE,ZN,day,09:00,10:15,false
SHFE,ZN,day,10:30,11:30,false
SHFE,ZN,day,13:30,15:00,false
SHFE,SC,day,09:00,10:15,false
SHFE,SC,day,10:30,11:30,false
SHFE,SC,day,13:30,15:00,false
SHFE,NR,day,09:00,10:15,false
SHFE,NR,day,10:30,11:30,false
SHFE,NR,day,13:30,15:00,false
SHFE,LU,day,09:00,10:15,false
SHFE,LU,day,10:30,11:30,false
SHFE,LU,day,13:30,15:00,false
SHFE,EC,day,09:00,10:15,false
SHFE,EC,day,10:30,11:30,false
SHFE,EC,day,13:30,15:00,false
SHFE,BC,day,09:00,10:15,false
SHFE,BC,day,10:30,11:30,false
SHFE,BC,day,13:30,15:00,false
CZCE,CF,day,09:00,10:15,false
CZCE,CF,day,10:30,11:30,false
CZCE,CF,day,13:30,15:00,false
CZCE,MA,day,09:00,10:15,false
CZCE,MA,day,10:30,11:30,false
CZCE,MA,day,13:30,15:00,false
CZCE,OI,day,09:00,10:15,false
CZCE,OI,day,10:30,11:30,false
CZCE,OI,day,13:30,15:00,false
CZCE,PM,day,09:00,10:15,false
CZCE,PM,day,10:30,11:30,false
CZCE,PM,day,13:30,15:00,false
CZCE,RI,day,09:00,10:15,false
CZCE,RI,day,10:30,11:30,false
CZCE,RI,day,13:30,15:00,false
CZCE,SR,day,09:00,10:15,false
CZCE,SR,day,10:30,11:30,false
CZCE,SR,day,13:30,15:00,false
CZCE,TA,day,09:00,10:15,false
CZCE,TA,day,10:30,11:30,false
CZCE,TA,day,13:30,15:00,false
CZCE,WH,day,09:00,10:15,false
CZCE,WH,day,10:30,11:30,false
CZCE,WH,day,13:30,15:00,false
CZCE,FG,day,09:00,10:15,false
CZCE,FG,day,10:30,11:30,false
CZCE,FG,day,13:30,15:00,false
CZCE,RS,day,09:00,10:15,false
CZCE,RS,day,10:30,11:30,false
CZCE,RS,day,13:30,15:00,false
CZCE,ZC,day,09:00,10:15,false
CZCE,ZC,day,10:30,11:30,false
CZCE,ZC,day,13:30,15:00,false
CZCE,RM,day,09:00,10:15,false
CZCE,RM,day,10:30,11:30,false
CZCE,RM,day,13:30,15:00,false
CZCE,LR,day,09:00,10:15,false
CZCE,LR,day,10:30,11:30,false
CZCE,LR,day,13:30,15:00,false
CZCE,JR,day,09:00,10:15,false
CZCE,JR,day,10:30,11:30,false
CZCE,JR,day,13:30,15:00,false
CZCE,CY,day,09:00,10:15,false
CZCE,CY,day,10:30,11:30,false
CZCE,CY,day,13:30,15:00,false
CZCE,AP,day,09:00,10:15,false
CZCE,AP,day,10:30,11:30,false
CZCE,AP,day,13:30,15:00,false
CZCE,CJ,day,09:00,10:15,false
CZCE,CJ,day,10:30,11:30,false
CZCE,CJ,day,13:30,15:00,false
CZCE,UR,day,09:00,10:15,false
CZCE,UR,day,10:30,11:30,false
CZCE,UR,day,13:30,15:00,false
CZCE,SA,day,09:00,10:15,false
CZCE,SA,day,10:30,11:30,false
CZCE,SA,day,13:30,15:00,false
CZCE,PF,day,09:00,10:15,false
CZCE,PF,day,10:30,11:30,false
CZCE,PF,day,13:30,15:00,false
CZCE,SF,day,09:00,10:15,false
CZCE,SF,day,10:30,11:30,false
CZCE,SF,day,13:30,15:00,false
CZCE,SM,day,09:00,10:15,false
CZCE,SM,day,10:30,11:30,false
CZCE,SM,day,13:30,15:00,false
CZCE,PX,day,09:00,10:15,false
CZCE,PX,day,10:30,11:30,false
CZCE,PX,day,13:30,15:00,false
CZCE,SH,day,09:00,10:15,false
CZCE,SH,day,10:30,11:30,false
CZCE,SH,day,13:30,15:00,false
CZCE,PR,day,09:00,10:15,false
CZCE,PR,day,10:30,11:30,false
CZCE,PR,day,13:30,15:00,false
CZCE,PL,day,09:00,10:15,false
CZCE,PL,day,10:30,11:30,false
CZCE,PL,day,13:30,15:00,false
CZCE,PK,day,09:00,10:15,false
CZCE,PK,day,10:30,11:30,false
CZCE,PK,day,13:30,15:00,false
DCE,A,day,09:00,10:15,false
DCE,A,day,10:30,11:30,false
DCE,A,day,13:30,15:00,false
DCE,B,day,09:00,10:15,false
DCE,B,day,10:30,11:30,false
DCE,B,day,13:30,15:00,false
DCE,C,day,09:00,10:15,false
DCE,C,day,10:30,11:30,false
DCE,C,day,13:30,15:00,false
DCE,J,day,09:00,10:15,false
DCE,J,day,10:30,11:30,false
DCE,J,day,13:30,15:00,false
DCE,L,day,09:00,10:15,false
DCE,L,day,10:30,11:30,false
DCE,L,day,13:30,15:00,false
DCE,L_F,day,09:00,10:15,false
DCE,L_F,day,10:30,11:30,false
DCE,L_F,day,13:30,15:00,false
DCE,M,day,09:00,10:15,false
DCE,M,day,10:30,11:30,false
DCE,M,day,13:30,15:00,false
DCE,P,day,09:00,10:15,false
DCE,P,day,10:30,11:30,false
DCE,P,day,13:30,15:00,false
DCE,V,day,09:00,10:15,false
DCE,V,day,10:30,11:30,false
DCE,V,day,13:30,15:00,false
DCE,V_F,day,09:00,10:15,false
DCE,V_F,day,10:30,11:30,false
DCE,V_F,day,13:30,15:00,false
DCE,Y,day,09:00,10:15,false
DCE,Y,day,10:30,11:30,false
DCE,Y,day,13:30,15:00,false
DCE,JD,day,09:00,10:15,false
DCE,JD,day,10:30,11:30,false
DCE,JD,day,13:30,15:00,false
DCE,I,day,09:00,10:15,false
DCE,I,day,10:30,11:30,false
DCE,I,day,13:30,15:00,false
DCE,FB,day,09:00,10:15,false
DCE,FB,day,10:30,11:30,false
DCE,FB,day,13:30,15:00,false
DCE,BB,day,09:00,10:15,false
DCE,BB,day,10:30,11:30,false
DCE,BB,day,13:30,15:00,false
DCE,PP,day,09:00,10:15,false
DCE,PP,day,10:30,11:30,false
DCE,PP,day,13:30,15:00,false
DCE,PP_F,day,09:00,10:15,false
DCE,PP_F,day,10:30,11:30,false
DCE,PP_F,day,13:30,15:00,false
DCE,CS,day,09:00,10:15,false
DCE,CS,day,10:30,11:30,false
DCE,CS,day,13:30,15:00,false
DCE,EG,day,09:00,10:15,false
DCE,EG,day,10:30,11:30,false
DCE,EG,day,13:30,15:00,false
DCE,EB,day,09:00,10:15,false
DCE,EB,day,10:30,11:30,false
DCE,EB,day,13:30,15:00,false
DCE,BZ,day,09:00,10:15,false
DCE,BZ,day,10:30,11:30,false
DCE,BZ,day,13:30,15:00,false
DCE,JM,day,09:00,10:15,false
DCE,JM,day,10:30,11:30,false
DCE,JM,day,13:30,15:00,false
DCE,RR,day,09:00,10:15,false
DCE,RR,day,10:30,11:30,false
DCE,RR,day,13:30,15:00,false
DCE,PG,day,09:00,10:15,false
DCE,PG,day,10:30,11:30,false
DCE,PG,day,13:30,15:00,false
DCE,LG,day,09:00,10:15,false
DCE,LG,day,10:30,11:30,false
DCE,LG,day,13:30,15:00,false
DCE,LH,day,09:00,10:15,false
DCE,LH,day,10:30,11:30,false
DCE,LH,day,13:30,15:00,false
,SI,day,09:00,10:15,false
,SI,day,10:30,11:30,false
,SI,day,13:30,15:00,false
,LC,day,09:00,10:15,false
,LC,day,10:30,11:30,false
,LC,day,13:30,15:00,false
,PS,day,09:00,10:15,false
,PS,day,10:30,11:30,false
,PS,day,13:30,15:00,false
,PT,day,09:00,10:15,false
,PT,day,10:30,11:30,false
,PT,day,13:30,15:00,false
,PD,day,09:00,10:15,false
,PD,day,10:30,11:30,false
,PD,day,13:30,15:00,false
CFFEX,IF,day,09:30,11:30,false
CFFEX,IF,day,13:00,15:00,false
CFFEX,IC,day,09:30,11:30,false
CFFEX,IC,day,13:00,15:00,false
CFFEX,IH,day,09:30,11:30,false
CFFEX,IH,day,13:00,15:00,false
CFFEX,IM,day,09:30,11:30,false
CFFEX,IM,day,13:00,15:00,false
CFFEX,TF,day,09:30,11:30,false
CFFEX,TF,day,13:00,15:00,false
CFFEX,T,day,09:30,11:30,false
CFFEX,T,day,13:00,15:00,false
CFFEX,TS,day,09:30,11:30,false
CFFEX,TS,day,13:00,15:00,false
CFFEX,TL,day,09:30,11:30,false
CFFEX,TL,day,13:00,15:00,false
,AG,night,21:00,02:30,true
,AL,night,21:00,01:00,true
,AO,night,21:00,01:00,true
,AD,night,21:00,01:00,true
,AU,night,21:00,02:30,true
,CU,night,21:00,01:00,true
,FU,night,21:00,23:00,true
,PB,night,21:00,01:00,true
,RB,night,21:00,23:00,true
,RU,night,21:00,23:00,true
,BR,night,21:00,23:00,true
,BU,night,21:00,23:00,true
,HC,night,21:00,23:00,true
,NI,night,21:00,01:00,true
,SP,night,21:00,23:00,true
,OP,night,21:00,23:00,true
,ZN,night,21:00,01:00,true
,SC,night,21:00,02:30,true
,NR,night,21:00,23:00,true
,LU,night,21:00,23:00,true
,BC,night,21:00,01:00,true
,CF,night,21:00,23:00,true
,MA,night,21:00,23:00,true
,OI,night,21:00,23:00,true
,SR,night,21:00,23:00,true
,TA,night,21:00,23:00,true
,FG,night,21:00,23:00,true
,ZC,night,21:00,23:00,true
,RM,night,21:00,23:00,true
,CY,night,21:00,23:00,true
,SA,night,21:00,23:00,true
,PF,night,21:00,23:00,true
,PX,night,21:00,23:00,true
,SH,night,21:00,23:00,true
,PR,night,21:00,23:00,true
,PL,night,21:00,23:00,true
,A,night,21:00,23:00,true
,B,night,21:00,23:00,true
,C,night,21:00,23:00,true
,J,night,21:00,23:00,true
,P,night,21:00,23:00,true
,V,night,21:00,23:00,true
,Y,night,21:00,23:00,true
,I,night,21:00,23:00,true
,PP,night,21:00,23:00,true
,CS,night,21:00,23:00,true
,EG,night,21:00,23:00,true
,JM,night,21:00,23:00,true
,RR,night,21:00,23:00,true
