variety_code,exchange_margin_ratio,broker_margin_ratio,margin_d2
A,0.07,0.12000000000000001,
AD,0.1,0.16,
AG,0.22,0.28,
AL,0.12,0.18,
AO,0.12,0.18,
AP,0.15,0.2,
AU,0.19,0.25,
B,0.07,0.12000000000000001,
BB,0.15,0.2,
BC,0.12,0.18,
BR,0.14,0.2,
BU,0.14,0.2,
BZ,0.14,0.19,
C,0.07,0.12000000000000001,
CF,0.07,0.12000000000000001,
CJ,0.09,0.14,
CS,0.06,0.11,
CU,0.12,0.18,
CY,0.05,0.1,
EB,0.13,0.18,
EC,0.22,0.32,
EG,0.13,0.18,
FB,0.1,0.14,
FG,0.13,0.18,
FU,0.22,0.28,
HC,0.09,0.14,
I,0.11,0.16999999999999998,
IC,0.12,0.15,
IF,0.12,0.15,
IH,0.12,0.15,
IM,0.12,0.15,
J,0.2,0.25,
JD,0.07,0.12000000000000001,
JM,0.13,0.18,
JR,0.15,0.19,
L,0.11,0.16,
LC,0.15,0.21,
LG,0.08,0.13,
LH,0.08,0.13,
LR,0.15,0.19,
LU,0.22,0.28,
L_F,0.11,0.16,
M,0.07,0.13,
MA,0.16,0.22,
NI,0.14,0.2,
NR,0.11,0.16999999999999998,
OI,0.09,0.15,
OP,0.09,0.14,
P,0.12,0.18,
PB,0.12,0.18,
PD,0.19,0.25,
PF,0.14,0.2,
PG,0.16,0.21000000000000002,
PK,0.07,0.12000000000000001,
PL,0.15,0.21,
PM,0.15,0.19,
PP,0.11,0.16,
PP_F,0.11,0.16,
PR,0.14,0.2,
PS,0.15,0.21,
PT,0.19,0.25,
PX,0.15,0.21,
RB,0.09,0.14,
RI,0.15,0.19,
RM,0.07,0.13,
RR,0.06,0.11,
RS,0.2,0.24000000000000002,
RU,0.11,0.16999999999999998,
SA,0.12,0.18,
SC,0.22,0.28,
SF,0.08,0.13,
SH,0.15,0.21,
SI,0.1,0.15000000000000002,
SM,0.08,0.13,
SN,0.14,0.2,
SP,0.09,0.14,
SR,0.06,0.11,
SS,0.1,0.16,
T,0.02,0.03,
TA,0.15,0.21,
TF,0.012,0.022,
TL,0.035,0.045,
TS,0.005,0.015,
UR,0.1,0.15000000000000002,
V,0.11,0.16,
V_F,0.11,0.16,
WH,0.15,0.19,
WR,0.1,0.15000000000000002,
Y,0.11,0.16999999999999998,
ZC,0.5,0.55,
ZN,0.12,0.18,
