exchange,variety_code,instrument_kind,action,scope_kind,scope_months,scope_contracts,fee_type,fee_value,broker_markup_type,broker_markup_value,effective_from,source,note
CZCE,AP,FUTURE,OPEN,ALL,,,FIXED,5.0,FIXED,0.01,2026-03-11,exchange_notice_20260311,5
CZCE,AP,FUTURE,CLOSE_YEST,ALL,,,FIXED,5.0,FIXED,0.01,2026-03-11,exchange_notice_20260311,5
CZCE,AP,FUTURE,CLOSE_TODAY,ALL,,,FIXED,20.0,FIXED,0.01,2026-03-11,exchange_notice_20260311,平今仓20
CZCE,AP,OPTION,OPEN,ALL,,,FIXED,1.0,NONE,0.0,2026-03-11,exchange_notice_20260311,1
CZCE,AP,OPTION,CLOSE_YEST,ALL,,,FIXED,1.0,NONE,0.0,2026-03-11,exchange_notice_20260311,1
CZCE,AP,OPTION,CLOSE_TODAY,ALL,,,FREE,0.0,NONE,0.0,2026-03-11,exchange_notice_20260311,免
CZCE,CF,FUTURE,OPEN,ALL,,,FIXED,4.3,FIXED,0.01,2026-03-11,exchange_notice_20260311,4.3
CZCE,CF,FUTURE,CLOSE_YEST,ALL,,,FIXED,4.3,FIXED,0.01,2026-03-11,exchange_notice_20260311,4.3
CZCE,CF,FUTURE,CLOSE_TODAY,ALL,,,FREE,0.0,FIXED,0.01,2026-03-11,exchange_notice_20260311,免
CZCE,CF,OPTION,OPEN,ALL,,,FIXED,1.5,NONE,0.0,2026-03-11,exchange_notice_20260311,1.5
CZCE,CF,OPTION,CLOSE_YEST,ALL,,,FIXED,1.5,NONE,0.0,2026-03-11,exchange_notice_20260311,1.5
CZCE,CF,OPTION,CLOSE_TODAY,ALL,,,FREE,0.0,NONE,0.0,2026-03-11,exchange_notice_20260311,免
CZCE,CJ,FUTURE,OPEN,ALL,,,FIXED,3.0,FIXED,0.01,2026-03-11,exchange_notice_20260311,3
CZCE,CJ,FUTURE,CLOSE_YEST,ALL,,,FIXED,3.0,FIXED,0.01,2026-03-11,exchange_notice_20260311,3
CZCE,CJ,OPTION,OPEN,ALL,,,FIXED,1.0,NONE,0.0,2026-03-11,exchange_notice_20260311,1
CZCE,CJ,OPTION,CLOSE_YEST,ALL,,,FIXED,1.0,NONE,0.0,2026-03-11,exchange_notice_20260311,1
CZCE,CJ,OPTION,CLOSE_TODAY,ALL,,,FREE,0.0,NONE,0.0,2026-03-11,exchange_notice_20260311,免
CZCE,CY,FUTURE,OPEN,ALL,,,FIXED,1.0,FIXED,0.01,2026-03-11,exchange_notice_20260311,1
CZCE,CY,FUTURE,CLOSE_YEST,ALL,,,FIXED,1.0,FIXED,0.01,2026-03-11,exchange_notice_20260311,1
CZCE,CY,FUTURE,CLOSE_TODAY,ALL,,,FREE,0.0,FIXED,0.01,2026-03-11,exchange_notice_20260311,免
CZCE,FG,FUTURE,OPEN,ALL,,,FIXED,6.0,FIXED,0.01,2026-03-11,exchange_notice_20260311,6
CZCE,FG,FUTURE,CLOSE_YEST,ALL,,,FIXED,6.0,FIXED,0.01,2026-03-11,exchange_notice_20260311,6
CZCE,FG,OPTION,OPEN,ALL,,,FIXED,0.5,NONE,0.0,2026-03-11,exchange_notice_20260311,0.5
CZCE,FG,OPTION,CLOSE_YEST,ALL,,,FIXED,0.5,NONE,0.0,2026-03-11,exchange_notice_20260311,0.5
CZCE,FG,OPTION,CLOSE_TODAY,ALL,,,FREE,0.0,NONE,0.0,2026-03-11,exchange_notice_20260311,免
CZCE,JR,FUTURE,OPEN,ALL,,,FIXED,3.0,FIXED,0.01,2026-03-11,exchange_notice_20260311,3
CZCE,JR,FUTURE,CLOSE_YEST,ALL,,,FIXED,3.0,FIXED,0.01,2026-03-11,exchange_notice_20260311,3
CZCE,LR,FUTURE,OPEN,ALL,,,FIXED,3.0,FIXED,0.01,2026-03-11,exchange_notice_20260311,3
CZCE,LR,FUTURE,CLOSE_YEST,ALL,,,FIXED,3.0,FIXED,0.01,2026-03-11,exchange_notice_20260311,3
CZCE,MA,FUTURE,OPEN,ALL,,,PCT,1.0,FIXED,0.01,2026-03-11,exchange_notice_20260311,1%%
CZCE,MA,FUTURE,CLOSE_YEST,ALL,,,PCT,1.0,FIXED,0.01,2026-03-11,exchange_notice_20260311,1%%
CZCE,MA,OPTION,OPEN,ALL,,,FIXED,0.5,NONE,0.0,2026-03-11,exchange_notice_20260311,0.5
CZCE,MA,OPTION,CLOSE_YEST,ALL,,,FIXED,0.5,NONE,0.0,2026-03-11,exchange_notice_20260311,0.5
CZCE,MA,OPTION,CLOSE_TODAY,ALL,,,FREE,0.0,NONE,0.0,2026-03-11,exchange_notice_20260311,免
CZCE,OI,FUTURE,OPEN,ALL,,,FIXED,2.0,FIXED,0.01,2026-03-11,exchange_notice_20260311,2
CZCE,OI,FUTURE,CLOSE_YEST,ALL,,,FIXED,2.0,FIXED,0.01,2026-03-11,exchange_notice_20260311,2
CZCE,OI,OPTION,OPEN,ALL,,,FIXED,1.5,NONE,0.0,2026-03-11,exchange_notice_20260311,1.5
CZCE,OI,OPTION,CLOSE_YEST,ALL,,,FIXED,1.5,NONE,0.0,2026-03-11,exchange_notice_20260311,1.5
CZCE,OI,OPTION,CLOSE_TODAY,ALL,,,FREE,0.0,NONE,0.0,2026-03-11,exchange_notice_20260311,免
CZCE,PF,FUTURE,OPEN,ALL,,,FIXED,2.0,FIXED,0.01,2026-03-11,exchange_notice_20260311,2
CZCE,PF,FUTURE,CLOSE_YEST,ALL,,,FIXED,2.0,FIXED,0.01,2026-03-11,exchange_notice_20260311,2
CZCE,PF,FUTURE,CLOSE_TODAY,ALL,,,FREE,0.0,FIXED,0.01,2026-03-11,exchange_notice_20260311,免
CZCE,PF,OPTION,OPEN,ALL,,,FIXED,0.5,NONE,0.0,2026-03-11,exchange_notice_20260311,0.5
CZCE,PF,OPTION,CLOSE_YEST,ALL,,,FIXED,0.5,NONE,0.0,2026-03-11,exchange_notice_20260311,0.5
CZCE,PF,OPTION,CLOSE_TODAY,ALL,,,FREE,0.0,NONE,0.0,2026-03-11,exchange_notice_20260311,免
CZCE,PK,FUTURE,OPEN,ALL,,,FIXED,4.0,FIXED,0.01,2026-03-11,exchange_notice_20260311,4
CZCE,PK,FUTURE,CLOSE_YEST,ALL,,,FIXED,4.0,FIXED,0.01,2026-03-11,exchange_notice_20260311,4
CZCE,PK,OPTION,OPEN,ALL,,,FIXED,0.8,NONE,0.0,2026-03-11,exchange_notice_20260311,0.8
CZCE,PK,OPTION,CLOSE_YEST,ALL,,,FIXED,0.8,NONE,0.0,2026-03-11,exchange_notice_20260311,0.8
CZCE,PK,OPTION,CLOSE_TODAY,ALL,,,FREE,0.0,NONE,0.0,2026-03-11,exchange_notice_20260311,免
CZCE,PM,FUTURE,OPEN,ALL,,,FIXED,30.0,FIXED,0.01,2026-03-11,exchange_notice_20260311,30
CZCE,PM,FUTURE,CLOSE_YEST,ALL,,,FIXED,30.0,FIXED,0.01,2026-03-11,exchange_notice_20260311,30
CZCE,RI,FUTURE,OPEN,ALL,,,FIXED,2.5,FIXED,0.01,2026-03-11,exchange_notice_20260311,2.5
CZCE,RI,FUTURE,CLOSE_YEST,ALL,,,FIXED,2.5,FIXED,0.01,2026-03-11,exchange_notice_20260311,2.5
CZCE,RM,FUTURE,OPEN,ALL,,,FIXED,1.5,FIXED,0.01,2026-03-11,exchange_notice_20260311,1.5
CZCE,RM,FUTURE,CLOSE_YEST,ALL,,,FIXED,1.5,FIXED,0.01,2026-03-11,exchange_notice_20260311,1.5
CZCE,RM,OPTION,OPEN,ALL,,,FIXED,0.8,NONE,0.0,2026-03-11,exchange_notice_20260311,0.8
CZCE,RM,OPTION,CLOSE_YEST,ALL,,,FIXED,0.8,NONE,0.0,2026-03-11,exchange_notice_20260311,0.8
CZCE,RM,OPTION,CLOSE_TODAY,ALL,,,FREE,0.0,NONE,0.0,2026-03-11,exchange_notice_20260311,免
CZCE,RS,FUTURE,OPEN,ALL,,,FIXED,2.0,FIXED,0.01,2026-03-11,exchange_notice_20260311,2
CZCE,RS,FUTURE,CLOSE_YEST,ALL,,,FIXED,2.0,FIXED,0.01,2026-03-11,exchange_notice_20260311,2
CZCE,SA,FUTURE,OPEN,ALL,,,PCT,2.0,FIXED,0.01,2026-03-11,exchange_notice_20260311,2%%
CZCE,SA,FUTURE,CLOSE_YEST,ALL,,,PCT,2.0,FIXED,0.01,2026-03-11,exchange_notice_20260311,2%%
CZCE,SA,OPTION,OPEN,ALL,,,FIXED,0.5,NONE,0.0,2026-03-11,exchange_notice_20260311,0.5
CZCE,SA,OPTION,CLOSE_YEST,ALL,,,FIXED,0.5,NONE,0.0,2026-03-11,exchange_notice_20260311,0.5
CZCE,SA,OPTION,CLOSE_TODAY,ALL,,,FREE,0.0,NONE,0.0,2026-03-11,exchange_notice_20260311,免
CZCE,SF,FUTURE,OPEN,ALL,,,FIXED,3.0,FIXED,0.01,2026-03-11,exchange_notice_20260311,3
CZCE,SF,FUTURE,CLOSE_YEST,ALL,,,FIXED,3.0,FIXED,0.01,2026-03-11,exchange_notice_20260311,3
CZCE,SF,FUTURE,CLOSE_TODAY,ALL,,,FREE,0.0,FIXED,0.01,2026-03-11,exchange_notice_20260311,免
CZCE,SF,OPTION,OPEN,ALL,,,FIXED,0.5,NONE,0.0,2026-03-11,exchange_notice_20260311,0.5
CZCE,SF,OPTION,CLOSE_YEST,ALL,,,FIXED,0.5,NONE,0.0,2026-03-11,exchange_notice_20260311,0.5
CZCE,SF,OPTION,CLOSE_TODAY,ALL,,,FREE,0.0,NONE,0.0,2026-03-11,exchange_notice_20260311,免
CZCE,SM,FUTURE,OPEN,ALL,,,FIXED,3.0,FIXED,0.01,2026-03-11,exchange_notice_20260311,3
CZCE,SM,FUTURE,CLOSE_YEST,ALL,,,FIXED,3.0,FIXED,0.01,2026-03-11,exchange_notice_20260311,3
CZCE,SM,FUTURE,CLOSE_TODAY,ALL,,,FREE,0.0,FIXED,0.01,2026-03-11,exchange_notice_20260311,免
CZCE,SM,OPTION,OPEN,ALL,,,FIXED,0.5,NONE,0.0,2026-03-11,exchange_notice_20260311,0.5
CZCE,SM,OPTION,CLOSE_YEST,ALL,,,FIXED,0.5,NONE,0.0,2026-03-11,exchange_notice_20260311,0.5
CZCE,SM,OPTION,CLOSE_TODAY,ALL,,,FREE,0.0,NONE,0.0,2026-03-11,exchange_notice_20260311,免
CZCE,SR,FUTURE,OPEN,ALL,,,FIXED,3.0,FIXED,0.01,2026-03-11,exchange_notice_20260311,3
CZCE,SR,FUTURE,CLOSE_YEST,ALL,,,FIXED,3.0,FIXED,0.01,2026-03-11,exchange_notice_20260311,3
CZCE,SR,FUTURE,CLOSE_TODAY,ALL,,,FREE,0.0,FIXED,0.01,2026-03-11,exchange_notice_20260311,免
CZCE,SR,OPTION,OPEN,ALL,,,FIXED,1.5,NONE,0.0,2026-03-11,exchange_notice_20260311,1.5
CZCE,SR,OPTION,CLOSE_YEST,ALL,,,FIXED,1.5,NONE,0.0,2026-03-11,exchange_notice_20260311,1.5
CZCE,SR,OPTION,CLOSE_TODAY,ALL,,,FREE,0.0,NONE,0.0,2026-03-11,exchange_notice_20260311,免
CZCE,TA,FUTURE,OPEN,ALL,,,FIXED,3.0,FIXED,0.01,2026-03-11,exchange_notice_20260311,3
CZCE,TA,FUTURE,CLOSE_YEST,ALL,,,FIXED,3.0,FIXED,0.01,2026-03-11,exchange_notice_20260311,3
CZCE,TA,FUTURE,CLOSE_TODAY,ALL,,,FREE,0.0,FIXED,0.01,2026-03-11,exchange_notice_20260311,免
CZCE,TA,OPTION,OPEN,ALL,,,FIXED,0.5,NONE,0.0,2026-03-11,exchange_notice_20260311,0.5
CZCE,TA,OPTION,CLOSE_YEST,ALL,,,FIXED,0.5,NONE,0.0,2026-03-11,exchange_notice_20260311,0.5
CZCE,TA,OPTION,CLOSE_TODAY,ALL,,,FREE,0.0,NONE,0.0,2026-03-11,exchange_notice_20260311,免
CZCE,UR,FUTURE,OPEN,ALL,,,PCT,1.0,FIXED,0.01,2026-03-11,exchange_notice_20260311,1%%
CZCE,UR,FUTURE,CLOSE_YEST,ALL,,,PCT,1.0,FIXED,0.01,2026-03-11,exchange_notice_20260311,1%%
CZCE,UR,OPTION,OPEN,ALL,,,FIXED,1.0,NONE,0.0,2026-03-11,exchange_notice_20260311,1
CZCE,UR,OPTION,CLOSE_YEST,ALL,,,FIXED,1.0,NONE,0.0,2026-03-11,exchange_notice_20260311,1
CZCE,UR,OPTION,CLOSE_TODAY,ALL,,,FREE,0.0,NONE,0.0,2026-03-11,exchange_notice_20260311,免
CZCE,WH,FUTURE,OPEN,ALL,,,FIXED,30.0,FIXED,0.01,2026-03-11,exchange_notice_20260311,30
CZCE,WH,FUTURE,CLOSE_YEST,ALL,,,FIXED,30.0,FIXED,0.01,2026-03-11,exchange_notice_20260311,30
CZCE,ZC,FUTURE,OPEN,ALL,,,FIXED,150.0,FIXED,0.01,2026-03-11,exchange_notice_20260311,150
CZCE,ZC,FUTURE,CLOSE_YEST,ALL,,,FIXED,150.0,FIXED,0.01,2026-03-11,exchange_notice_20260311,150
CZCE,ZC,OPTION,OPEN,ALL,,,FIXED,150.0,NONE,0.0,2026-03-11,exchange_notice_20260311,150
CZCE,ZC,OPTION,CLOSE_YEST,ALL,,,FIXED,150.0,NONE,0.0,2026-03-11,exchange_notice_20260311,150
CZCE,SH,FUTURE,OPEN,ALL,,,PCT,1.0,FIXED,0.01,2026-03-11,exchange_notice_20260311,1%%
CZCE,SH,FUTURE,CLOSE_YEST,ALL,,,PCT,1.0,FIXED,0.01,2026-03-11,exchange_notice_20260311,1%%
CZCE,SH,FUTURE,CLOSE_TODAY,ALL,,,FREE,0.0,FIXED,0.01,2026-03-11,exchange_notice_20260311,免
CZCE,SH,OPTION,OPEN,ALL,,,FIXED,2.0,NONE,0.0,2026-03-11,exchange_notice_20260311,2
CZCE,SH,OPTION,CLOSE_YEST,ALL,,,FIXED,2.0,NONE,0.0,2026-03-11,exchange_notice_20260311,2
CZCE,SH,OPTION,CLOSE_TODAY,ALL,,,FREE,0.0,NONE,0.0,2026-03-11,exchange_notice_20260311,免
CZCE,PX,FUTURE,OPEN,ALL,,,PCT,1.0,FIXED,0.01,2026-03-11,exchange_notice_20260311,1%%
CZCE,PX,FUTURE,CLOSE_YEST,ALL,,,PCT,1.0,FIXED,0.01,2026-03-11,exchange_notice_20260311,1%%
CZCE,PX,FUTURE,CLOSE_TODAY,ALL,,,FREE,0.0,FIXED,0.01,2026-03-11,exchange_notice_20260311,免
CZCE,PX,OPTION,OPEN,ALL,,,FIXED,1.0,NONE,0.0,2026-03-11,exchange_notice_20260311,1
CZCE,PX,OPTION,CLOSE_YEST,ALL,,,FIXED,1.0,NONE,0.0,2026-03-11,exchange_notice_20260311,1
CZCE,PX,OPTION,CLOSE_TODAY,ALL,,,FREE,0.0,NONE,0.0,2026-03-11,exchange_notice_20260311,免
CZCE,PR,FUTURE,OPEN,ALL,,,PCT,0.5,FIXED,0.01,2026-03-11,exchange_notice_20260311,0.5%%
CZCE,PR,FUTURE,CLOSE_YEST,ALL,,,PCT,0.5,FIXED,0.01,2026-03-11,exchange_notice_20260311,0.5%%
CZCE,PR,FUTURE,CLOSE_TODAY,ALL,,,FREE,0.0,FIXED,0.01,2026-03-11,exchange_notice_20260311,免
CZCE,PR,OPTION,OPEN,ALL,,,FIXED,1.0,NONE,0.0,2026-03-11,exchange_notice_20260311,1
CZCE,PR,OPTION,CLOSE_YEST,ALL,,,FIXED,1.0,NONE,0.0,2026-03-11,exchange_notice_20260311,1
CZCE,PR,OPTION,CLOSE_TODAY,ALL,,,FREE,0.0,NONE,0.0,2026-03-11,exchange_notice_20260311,免
CZCE,PL,FUTURE,OPEN,ALL,,,PCT,1.0,FIXED,0.01,2026-03-11,exchange_notice_20260311,1%%
CZCE,PL,FUTURE,CLOSE_YEST,ALL,,,PCT,1.0,FIXED,0.01,2026-03-11,exchange_notice_20260311,1%%
CZCE,PL,OPTION,OPEN,ALL,,,FIXED,1.0,NONE,0.0,2026-03-11,exchange_notice_20260311,1
CZCE,PL,OPTION,CLOSE_YEST,ALL,,,FIXED,1.0,NONE,0.0,2026-03-11,exchange_notice_20260311,1
CZCE,PL,OPTION,CLOSE_TODAY,ALL,,,FREE,0.0,NONE,0.0,2026-03-11,exchange_notice_20260311,免
DCE,A,FUTURE,OPEN,ALL,,,FIXED,2.0,FIXED,0.01,2026-03-11,exchange_notice_20260311,2
DCE,A,FUTURE,CLOSE_YEST,ALL,,,FIXED,2.0,FIXED,0.01,2026-03-11,exchange_notice_20260311,2
DCE,A,OPTION,OPEN,ALL,,,FIXED,0.5,NONE,0.0,2026-03-11,exchange_notice_20260311,0.5
DCE,A,OPTION,CLOSE_YEST,ALL,,,FIXED,0.5,NONE,0.0,2026-03-11,exchange_notice_20260311,0.5
DCE,B,FUTURE,OPEN,ALL,,,FIXED,1.0,FIXED,0.01,2026-03-11,exchange_notice_20260311,1
DCE,B,FUTURE,CLOSE_YEST,ALL,,,FIXED,1.0,FIXED,0.01,2026-03-11,exchange_notice_20260311,1
DCE,B,OPTION,OPEN,ALL,,,FIXED,0.2,NONE,0.0,2026-03-11,exchange_notice_20260311,0.2
DCE,B,OPTION,CLOSE_YEST,ALL,,,FIXED,0.2,NONE,0.0,2026-03-11,exchange_notice_20260311,0.2
DCE,C,FUTURE,OPEN,ALL,,,FIXED,1.2,FIXED,0.01,2026-03-11,exchange_notice_20260311,1.2
DCE,C,FUTURE,CLOSE_YEST,ALL,,,FIXED,1.2,FIXED,0.01,2026-03-11,exchange_notice_20260311,1.2
DCE,C,OPTION,OPEN,ALL,,,FIXED,0.6,NONE,0.0,2026-03-11,exchange_notice_20260311,0.6
DCE,C,OPTION,CLOSE_YEST,ALL,,,FIXED,0.6,NONE,0.0,2026-03-11,exchange_notice_20260311,0.6
DCE,I,FUTURE,OPEN,ALL,,,PCT,1.0,FIXED,0.01,2026-03-11,exchange_notice_20260311,1%%
DCE,I,FUTURE,CLOSE_YEST,ALL,,,PCT,1.0,FIXED,0.01,2026-03-11,exchange_notice_20260311,1%%
DCE,I,OPTION,OPEN,ALL,,,FIXED,2.0,NONE,0.0,2026-03-11,exchange_notice_20260311,2
DCE,I,OPTION,CLOSE_YEST,ALL,,,FIXED,2.0,NONE,0.0,2026-03-11,exchange_notice_20260311,2
DCE,J,FUTURE,OPEN,ALL,,,PCT,1.0,FIXED,0.01,2026-03-11,exchange_notice_20260311,隔日开平=开仓+平昨
DCE,J,FUTURE,CLOSE_YEST,ALL,,,PCT,1.0,FIXED,0.01,2026-03-11,exchange_notice_20260311,隔日开平=开仓+平昨
DCE,L,FUTURE,OPEN,ALL,,,FIXED,1.0,FIXED,0.01,2026-03-11,exchange_notice_20260311,1
DCE,L,FUTURE,CLOSE_YEST,ALL,,,FIXED,1.0,FIXED,0.01,2026-03-11,exchange_notice_20260311,1
DCE,V,FUTURE,OPEN,ALL,,,FIXED,1.0,FIXED,0.01,2026-03-11,exchange_notice_20260311,1
DCE,V,FUTURE,CLOSE_YEST,ALL,,,FIXED,1.0,FIXED,0.01,2026-03-11,exchange_notice_20260311,1
DCE,L,OPTION,OPEN,ALL,,,FIXED,0.5,NONE,0.0,2026-03-11,exchange_notice_20260311,0.5
DCE,L,OPTION,CLOSE_YEST,ALL,,,FIXED,0.5,NONE,0.0,2026-03-11,exchange_notice_20260311,0.5
DCE,M,FUTURE,OPEN,ALL,,,FIXED,1.5,FIXED,0.01,2026-03-11,exchange_notice_20260311,1.5
DCE,M,FUTURE,CLOSE_YEST,ALL,,,FIXED,1.5,FIXED,0.01,2026-03-11,exchange_notice_20260311,1.5
DCE,M,OPTION,OPEN,ALL,,,FIXED,1.0,NONE,0.0,2026-03-11,exchange_notice_20260311,隔日开平=开仓+平昨
DCE,M,OPTION,CLOSE_YEST,ALL,,,FIXED,1.0,NONE,0.0,2026-03-11,exchange_notice_20260311,隔日开平=开仓+平昨
DCE,P,FUTURE,OPEN,ALL,,,FIXED,2.5,FIXED,0.01,2026-03-11,exchange_notice_20260311,2.5
DCE,P,FUTURE,CLOSE_YEST,ALL,,,FIXED,2.5,FIXED,0.01,2026-03-11,exchange_notice_20260311,2.5
DCE,P,OPTION,OPEN,ALL,,,FIXED,0.5,NONE,0.0,2026-03-11,exchange_notice_20260311,0.5
DCE,P,OPTION,CLOSE_YEST,ALL,,,FIXED,0.5,NONE,0.0,2026-03-11,exchange_notice_20260311,0.5
DCE,V,FUTURE,OPEN,ALL,,,FIXED,1.0,FIXED,0.01,2026-03-11,exchange_notice_20260311,1
DCE,V,FUTURE,CLOSE_YEST,ALL,,,FIXED,1.0,FIXED,0.01,2026-03-11,exchange_notice_20260311,1
DCE,V,FUTURE,OPEN,ALL,,,FIXED,1.0,FIXED,0.01,2026-03-11,exchange_notice_20260311,1
DCE,V,FUTURE,CLOSE_YEST,ALL,,,FIXED,1.0,FIXED,0.01,2026-03-11,exchange_notice_20260311,1
DCE,V,OPTION,OPEN,ALL,,,FIXED,0.5,NONE,0.0,2026-03-11,exchange_notice_20260311,0.5
DCE,V,OPTION,CLOSE_YEST,ALL,,,FIXED,0.5,NONE,0.0,2026-03-11,exchange_notice_20260311,0.5
DCE,Y,FUTURE,OPEN,ALL,,,FIXED,2.5,FIXED,0.01,2026-03-11,exchange_notice_20260311,2.5
DCE,Y,FUTURE,CLOSE_YEST,ALL,,,FIXED,2.5,FIXED,0.01,2026-03-11,exchange_notice_20260311,2.5
DCE,Y,OPTION,OPEN,ALL,,,FIXED,0.5,NONE,0.0,2026-03-11,exchange_notice_20260311,0.5
DCE,Y,OPTION,CLOSE_YEST,ALL,,,FIXED,0.5,NONE,0.0,2026-03-11,exchange_notice_20260311,0.5
DCE,BB,FUTURE,OPEN,ALL,,,PCT,1.0,FIXED,0.01,2026-03-11,exchange_notice_20260311,1%%
DCE,BB,FUTURE,CLOSE_YEST,ALL,,,PCT,1.0,FIXED,0.01,2026-03-11,exchange_notice_20260311,1%%
DCE,CS,FUTURE,OPEN,ALL,,,FIXED,1.5,FIXED,0.01,2026-03-11,exchange_notice_20260311,1.5
DCE,CS,FUTURE,CLOSE_YEST,ALL,,,FIXED,1.5,FIXED,0.01,2026-03-11,exchange_notice_20260311,1.5
DCE,CS,OPTION,OPEN,ALL,,,FIXED,0.2,NONE,0.0,2026-03-11,exchange_notice_20260311,0.2
DCE,CS,OPTION,CLOSE_YEST,ALL,,,FIXED,0.2,NONE,0.0,2026-03-11,exchange_notice_20260311,0.2
DCE,EB,FUTURE,OPEN,ALL,,,FIXED,3.0,FIXED,0.01,2026-03-11,exchange_notice_20260311,3
DCE,EB,FUTURE,CLOSE_YEST,ALL,,,FIXED,3.0,FIXED,0.01,2026-03-11,exchange_notice_20260311,3
DCE,EB,OPTION,OPEN,ALL,,,FIXED,0.5,NONE,0.0,2026-03-11,exchange_notice_20260311,0.5
DCE,EB,OPTION,CLOSE_YEST,ALL,,,FIXED,0.5,NONE,0.0,2026-03-11,exchange_notice_20260311,0.5
DCE,EG,FUTURE,OPEN,ALL,,,FIXED,3.0,FIXED,0.01,2026-03-11,exchange_notice_20260311,3
DCE,EG,FUTURE,CLOSE_YEST,ALL,,,FIXED,3.0,FIXED,0.01,2026-03-11,exchange_notice_20260311,3
DCE,EG,OPTION,OPEN,ALL,,,FIXED,0.5,NONE,0.0,2026-03-11,exchange_notice_20260311,0.5
DCE,EG,OPTION,CLOSE_YEST,ALL,,,FIXED,0.5,NONE,0.0,2026-03-11,exchange_notice_20260311,0.5
DCE,FB,FUTURE,OPEN,ALL,,,PCT,1.0,FIXED,0.01,2026-03-11,exchange_notice_20260311,1%%
DCE,FB,FUTURE,CLOSE_YEST,ALL,,,PCT,1.0,FIXED,0.01,2026-03-11,exchange_notice_20260311,1%%
DCE,JD,FUTURE,OPEN,ALL,,,PCT,1.5,FIXED,0.01,2026-03-11,exchange_notice_20260311,1.5%%
DCE,JD,FUTURE,CLOSE_YEST,ALL,,,PCT,1.5,FIXED,0.01,2026-03-11,exchange_notice_20260311,1.5%%
DCE,JD,OPTION,OPEN,ALL,,,FIXED,0.5,NONE,0.0,2026-03-11,exchange_notice_20260311,0.5
DCE,JD,OPTION,CLOSE_YEST,ALL,,,FIXED,0.5,NONE,0.0,2026-03-11,exchange_notice_20260311,0.5
DCE,JM,FUTURE,OPEN,ALL,,,PCT,1.0,FIXED,0.01,2026-03-11,exchange_notice_20260311,1%%
DCE,JM,FUTURE,CLOSE_YEST,ALL,,,PCT,1.0,FIXED,0.01,2026-03-11,exchange_notice_20260311,1%%
DCE,JM,FUTURE,OPEN,CONTRACTS,,JM2601,PCT,1.0,FIXED,0.01,2026-03-11,exchange_notice_20260311,隔日开平=开仓+平昨
DCE,JM,FUTURE,CLOSE_YEST,CONTRACTS,,JM2601,PCT,1.0,FIXED,0.01,2026-03-11,exchange_notice_20260311,隔日开平=开仓+平昨
DCE,JM,OPTION,OPEN,ALL,,,FIXED,0.5,NONE,0.0,2026-03-11,exchange_notice_20260311,0.5
DCE,JM,OPTION,CLOSE_YEST,ALL,,,FIXED,0.5,NONE,0.0,2026-03-11,exchange_notice_20260311,0.5
DCE,LH,FUTURE,OPEN,ALL,,,PCT,1.0,FIXED,0.01,2026-03-11,exchange_notice_20260311,隔日开平=开仓+平昨
DCE,LH,FUTURE,CLOSE_YEST,ALL,,,PCT,1.0,FIXED,0.01,2026-03-11,exchange_notice_20260311,隔日开平=开仓+平昨
DCE,LH,OPTION,OPEN,ALL,,,FIXED,1.5,NONE,0.0,2026-03-11,exchange_notice_20260311,1.5
DCE,LH,OPTION,CLOSE_YEST,ALL,,,FIXED,1.5,NONE,0.0,2026-03-11,exchange_notice_20260311,1.5
DCE,PG,FUTURE,OPEN,ALL,,,FIXED,6.0,FIXED,0.01,2026-03-11,exchange_notice_20260311,6
DCE,PG,FUTURE,CLOSE_YEST,ALL,,,FIXED,6.0,FIXED,0.01,2026-03-11,exchange_notice_20260311,6
DCE,PG,OPTION,OPEN,ALL,,,FIXED,1.0,NONE,0.0,2026-03-11,exchange_notice_20260311,1
DCE,PG,OPTION,CLOSE_YEST,ALL,,,FIXED,1.0,NONE,0.0,2026-03-11,exchange_notice_20260311,1
DCE,PP,FUTURE,OPEN,ALL,,,FIXED,1.0,FIXED,0.01,2026-03-11,exchange_notice_20260311,1
DCE,PP,FUTURE,CLOSE_YEST,ALL,,,FIXED,1.0,FIXED,0.01,2026-03-11,exchange_notice_20260311,1
DCE,PP,FUTURE,OPEN,ALL,,,FIXED,1.0,FIXED,0.01,2026-03-11,exchange_notice_20260311,1
DCE,PP,FUTURE,CLOSE_YEST,ALL,,,FIXED,1.0,FIXED,0.01,2026-03-11,exchange_notice_20260311,1
DCE,PP,OPTION,OPEN,ALL,,,FIXED,0.5,NONE,0.0,2026-03-11,exchange_notice_20260311,0.5
DCE,PP,OPTION,CLOSE_YEST,ALL,,,FIXED,0.5,NONE,0.0,2026-03-11,exchange_notice_20260311,0.5
DCE,RR,FUTURE,OPEN,ALL,,,FIXED,1.0,FIXED,0.01,2026-03-11,exchange_notice_20260311,1
DCE,RR,FUTURE,CLOSE_YEST,ALL,,,FIXED,1.0,FIXED,0.01,2026-03-11,exchange_notice_20260311,1
DCE,LG,FUTURE,OPEN,ALL,,,PCT,1.0,FIXED,0.01,2026-03-11,exchange_notice_20260311,1%%
DCE,LG,FUTURE,CLOSE_YEST,ALL,,,PCT,1.0,FIXED,0.01,2026-03-11,exchange_notice_20260311,1%%
DCE,LG,OPTION,OPEN,ALL,,,FIXED,1.0,NONE,0.0,2026-03-11,exchange_notice_20260311,1
DCE,LG,OPTION,CLOSE_YEST,ALL,,,FIXED,1.0,NONE,0.0,2026-03-11,exchange_notice_20260311,1
DCE,BZ,FUTURE,OPEN,ALL,,,PCT,1.0,FIXED,0.01,2026-03-11,exchange_notice_20260311,1%%
DCE,BZ,FUTURE,CLOSE_YEST,ALL,,,PCT,1.0,FIXED,0.01,2026-03-11,exchange_notice_20260311,1%%
DCE,BZ,OPTION,OPEN,ALL,,,FIXED,1.0,NONE,0.0,2026-03-11,exchange_notice_20260311,1
DCE,BZ,OPTION,CLOSE_YEST,ALL,,,FIXED,1.0,NONE,0.0,2026-03-11,exchange_notice_20260311,1
SHFE,AD,FUTURE,OPEN,ALL,,,PCT,0.5,FIXED,0.01,2026-03-11,exchange_notice_20260311,0.5%%
SHFE,AD,FUTURE,CLOSE_YEST,ALL,,,PCT,0.5,FIXED,0.01,2026-03-11,exchange_notice_20260311,0.5%%
SHFE,AD,FUTURE,CLOSE_TODAY,ALL,,,FREE,0.0,FIXED,0.01,2026-03-11,exchange_notice_20260311,免
SHFE,AD,OPTION,OPEN,ALL,,,FIXED,5.0,NONE,0.0,2026-03-11,exchange_notice_20260311,5
SHFE,AD,OPTION,CLOSE_YEST,ALL,,,FIXED,5.0,NONE,0.0,2026-03-11,exchange_notice_20260311,5
SHFE,AD,OPTION,CLOSE_TODAY,ALL,,,FREE,0.0,NONE,0.0,2026-03-11,exchange_notice_20260311,免
SHFE,AG,FUTURE,OPEN,ALL,,,PCT,0.1,FIXED,0.01,2026-03-11,exchange_notice_20260311,0.1%%
SHFE,AG,FUTURE,CLOSE_YEST,ALL,,,PCT,0.1,FIXED,0.01,2026-03-11,exchange_notice_20260311,0.1%%
SHFE,AG,FUTURE,OPEN,CONTRACTS,1;3;5;6;12,AG2601;AG2603;AG2605,PCT,0.5,FIXED,0.01,2026-03-11,exchange_notice_20260311,0.5%%
SHFE,AG,FUTURE,CLOSE_YEST,CONTRACTS,1;3;5;6;12,AG2601;AG2603;AG2605,PCT,0.5,FIXED,0.01,2026-03-11,exchange_notice_20260311,0.5%%
SHFE,AG,OPTION,OPEN,ALL,,,FIXED,2.0,NONE,0.0,2026-03-11,exchange_notice_20260311,2
SHFE,AG,OPTION,CLOSE_YEST,ALL,,,FIXED,2.0,NONE,0.0,2026-03-11,exchange_notice_20260311,2
SHFE,AG,OPTION,CLOSE_TODAY,ALL,,,FREE,0.0,NONE,0.0,2026-03-11,exchange_notice_20260311,免
SHFE,AL,FUTURE,OPEN,ALL,,,FIXED,3.0,FIXED,0.01,2026-03-11,exchange_notice_20260311,3
SHFE,AL,FUTURE,CLOSE_YEST,ALL,,,FIXED,3.0,FIXED,0.01,2026-03-11,exchange_notice_20260311,3
SHFE,AL,OPTION,OPEN,ALL,,,FIXED,1.5,NONE,0.0,2026-03-11,exchange_notice_20260311,1.5
SHFE,AL,OPTION,CLOSE_YEST,ALL,,,FIXED,1.5,NONE,0.0,2026-03-11,exchange_notice_20260311,1.5
SHFE,AL,OPTION,CLOSE_TODAY,ALL,,,FREE,0.0,NONE,0.0,2026-03-11,exchange_notice_20260311,免
SHFE,AU,FUTURE,OPEN,ALL,,,FIXED,10.0,FIXED,0.01,2026-03-11,exchange_notice_20260311,10
SHFE,AU,FUTURE,CLOSE_YEST,ALL,,,FIXED,10.0,FIXED,0.01,2026-03-11,exchange_notice_20260311,10
SHFE,AU,FUTURE,CLOSE_TODAY,ALL,,,FREE,0.0,FIXED,0.01,2026-03-11,exchange_notice_20260311,免
SHFE,AU,FUTURE,OPEN,CONTRACTS,1;2;3;4;5;6;12,AU2601;AU2602;AU2603;AU2604;AU2605,FIXED,20.0,FIXED,0.01,2026-03-11,exchange_notice_20260311,20
SHFE,AU,FUTURE,CLOSE_YEST,CONTRACTS,1;2;3;4;5;6;12,AU2601;AU2602;AU2603;AU2604;AU2605,FIXED,20.0,FIXED,0.01,2026-03-11,exchange_notice_20260311,20
SHFE,AU,FUTURE,CLOSE_TODAY,CONTRACTS,1;2;3;4;5;6;12,AU2601;AU2602;AU2603;AU2604;AU2605,FREE,0.0,FIXED,0.01,2026-03-11,exchange_notice_20260311,免
SHFE,AU,OPTION,OPEN,ALL,,,FIXED,2.0,NONE,0.0,2026-03-11,exchange_notice_20260311,2
SHFE,AU,OPTION,CLOSE_YEST,ALL,,,FIXED,2.0,NONE,0.0,2026-03-11,exchange_notice_20260311,2
SHFE,AU,OPTION,CLOSE_TODAY,ALL,,,FREE,0.0,NONE,0.0,2026-03-11,exchange_notice_20260311,免
SHFE,BU,FUTURE,OPEN,ALL,,,PCT,0.5,FIXED,0.01,2026-03-11,exchange_notice_20260311,0.5%%
SHFE,BU,FUTURE,CLOSE_YEST,ALL,,,PCT,0.5,FIXED,0.01,2026-03-11,exchange_notice_20260311,0.5%%
SHFE,BU,FUTURE,CLOSE_TODAY,ALL,,,FREE,0.0,FIXED,0.01,2026-03-11,exchange_notice_20260311,免
SHFE,BU,OPTION,OPEN,ALL,,,FIXED,1.0,NONE,0.0,2026-03-11,exchange_notice_20260311,1
SHFE,BU,OPTION,CLOSE_YEST,ALL,,,FIXED,1.0,NONE,0.0,2026-03-11,exchange_notice_20260311,1
SHFE,BU,OPTION,CLOSE_TODAY,ALL,,,FREE,0.0,NONE,0.0,2026-03-11,exchange_notice_20260311,免
SHFE,CU,FUTURE,OPEN,ALL,,,PCT,0.5,FIXED,0.01,2026-03-11,exchange_notice_20260311,0.5%%
SHFE,CU,FUTURE,CLOSE_YEST,ALL,,,PCT,0.5,FIXED,0.01,2026-03-11,exchange_notice_20260311,0.5%%
SHFE,CU,OPTION,OPEN,ALL,,,FIXED,5.0,NONE,0.0,2026-03-11,exchange_notice_20260311,5
SHFE,CU,OPTION,CLOSE_YEST,ALL,,,FIXED,5.0,NONE,0.0,2026-03-11,exchange_notice_20260311,5
SHFE,CU,OPTION,CLOSE_TODAY,ALL,,,FREE,0.0,NONE,0.0,2026-03-11,exchange_notice_20260311,免
SHFE,FU,FUTURE,OPEN,ALL,,,PCT,0.1,FIXED,0.01,2026-03-11,exchange_notice_20260311,0.1%%
SHFE,FU,FUTURE,CLOSE_YEST,ALL,,,PCT,0.1,FIXED,0.01,2026-03-11,exchange_notice_20260311,0.1%%
SHFE,FU,FUTURE,CLOSE_TODAY,ALL,,,FREE,0.0,FIXED,0.01,2026-03-11,exchange_notice_20260311,免
SHFE,FU,FUTURE,OPEN,CONTRACTS,1;2;3;4;5;6;7;8;9;10;11;12,FU2604;FU2605;FU2606;FU2607;FU2608;FU2609;FU2610;FU2611;FU2612;FU2701;FU2702;FU2703,PCT,1.0,FIXED,0.01,2026-03-11,exchange_notice_20260311,1%%
SHFE,FU,FUTURE,CLOSE_YEST,CONTRACTS,1;2;3;4;5;6;7;8;9;10;11;12,FU2604;FU2605;FU2606;FU2607;FU2608;FU2609;FU2610;FU2611;FU2612;FU2701;FU2702;FU2703,PCT,1.0,FIXED,0.01,2026-03-11,exchange_notice_20260311,1%%
SHFE,FU,FUTURE,OPEN,MONTHS,1;5;9,,PCT,0.5,FIXED,0.01,2026-03-11,exchange_notice_20260311,0.5%%
SHFE,FU,FUTURE,CLOSE_YEST,MONTHS,1;5;9,,PCT,0.5,FIXED,0.01,2026-03-11,exchange_notice_20260311,0.5%%
SHFE,FU,FUTURE,CLOSE_TODAY,MONTHS,1;5;9,,FREE,0.0,FIXED,0.01,2026-03-11,exchange_notice_20260311,免
SHFE,FU,OPTION,OPEN,ALL,,,FIXED,1.0,NONE,0.0,2026-03-11,exchange_notice_20260311,1
SHFE,FU,OPTION,CLOSE_YEST,ALL,,,FIXED,1.0,NONE,0.0,2026-03-11,exchange_notice_20260311,1
SHFE,FU,OPTION,CLOSE_TODAY,ALL,,,FREE,0.0,NONE,0.0,2026-03-11,exchange_notice_20260311,免
SHFE,HC,FUTURE,OPEN,ALL,,,PCT,0.2,FIXED,0.01,2026-03-11,exchange_notice_20260311,0.2%%
SHFE,HC,FUTURE,CLOSE_YEST,ALL,,,PCT,0.2,FIXED,0.01,2026-03-11,exchange_notice_20260311,0.2%%
SHFE,HC,FUTURE,OPEN,CONTRACTS,1;2;3;4;5;10,HC2602;HC2603;HC2604,PCT,1.0,FIXED,0.01,2026-03-11,exchange_notice_20260311,1%%
SHFE,HC,FUTURE,CLOSE_YEST,CONTRACTS,1;2;3;4;5;10,HC2602;HC2603;HC2604,PCT,1.0,FIXED,0.01,2026-03-11,exchange_notice_20260311,1%%
SHFE,NI,FUTURE,OPEN,ALL,,,FIXED,3.0,FIXED,0.01,2026-03-11,exchange_notice_20260311,3
SHFE,NI,FUTURE,CLOSE_YEST,ALL,,,FIXED,3.0,FIXED,0.01,2026-03-11,exchange_notice_20260311,3
SHFE,NI,OPTION,OPEN,ALL,,,FIXED,1.5,NONE,0.0,2026-03-11,exchange_notice_20260311,1.5
SHFE,NI,OPTION,CLOSE_YEST,ALL,,,FIXED,1.5,NONE,0.0,2026-03-11,exchange_notice_20260311,1.5
SHFE,NI,OPTION,CLOSE_TODAY,ALL,,,FREE,0.0,NONE,0.0,2026-03-11,exchange_notice_20260311,免
SHFE,PB,FUTURE,OPEN,ALL,,,PCT,0.4,FIXED,0.01,2026-03-11,exchange_notice_20260311,0.4%%
SHFE,PB,FUTURE,CLOSE_YEST,ALL,,,PCT,0.4,FIXED,0.01,2026-03-11,exchange_notice_20260311,0.4%%
SHFE,PB,FUTURE,CLOSE_TODAY,ALL,,,FREE,0.0,FIXED,0.01,2026-03-11,exchange_notice_20260311,免
SHFE,PB,OPTION,OPEN,ALL,,,FIXED,1.5,NONE,0.0,2026-03-11,exchange_notice_20260311,1.5
SHFE,PB,OPTION,CLOSE_YEST,ALL,,,FIXED,1.5,NONE,0.0,2026-03-11,exchange_notice_20260311,1.5
SHFE,PB,OPTION,CLOSE_TODAY,ALL,,,FREE,0.0,NONE,0.0,2026-03-11,exchange_notice_20260311,免
SHFE,RB,FUTURE,OPEN,ALL,,,PCT,0.2,FIXED,0.01,2026-03-11,exchange_notice_20260311,0.2%%
SHFE,RB,FUTURE,CLOSE_YEST,ALL,,,PCT,0.2,FIXED,0.01,2026-03-11,exchange_notice_20260311,0.2%%
SHFE,RB,FUTURE,OPEN,CONTRACTS,1;2;3;4;5;10,RB2602;RB2603;RB2604,PCT,1.0,FIXED,0.01,2026-03-11,exchange_notice_20260311,1%%
SHFE,RB,FUTURE,CLOSE_YEST,CONTRACTS,1;2;3;4;5;10,RB2602;RB2603;RB2604,PCT,1.0,FIXED,0.01,2026-03-11,exchange_notice_20260311,1%%
SHFE,RB,OPTION,OPEN,ALL,,,FIXED,1.5,NONE,0.0,2026-03-11,exchange_notice_20260311,1.5
SHFE,RB,OPTION,CLOSE_YEST,ALL,,,FIXED,1.5,NONE,0.0,2026-03-11,exchange_notice_20260311,1.5
SHFE,RB,OPTION,CLOSE_TODAY,ALL,,,FREE,0.0,NONE,0.0,2026-03-11,exchange_notice_20260311,免
SHFE,RU,FUTURE,OPEN,ALL,,,FIXED,3.0,FIXED,0.01,2026-03-11,exchange_notice_20260311,3
SHFE,RU,FUTURE,CLOSE_YEST,ALL,,,FIXED,3.0,FIXED,0.01,2026-03-11,exchange_notice_20260311,3
SHFE,RU,FUTURE,CLOSE_TODAY,ALL,,,FREE,0.0,FIXED,0.01,2026-03-11,exchange_notice_20260311,免
SHFE,RU,OPTION,OPEN,ALL,,,FIXED,1.5,NONE,0.0,2026-03-11,exchange_notice_20260311,1.5
SHFE,RU,OPTION,CLOSE_YEST,ALL,,,FIXED,1.5,NONE,0.0,2026-03-11,exchange_notice_20260311,1.5
SHFE,RU,OPTION,CLOSE_TODAY,ALL,,,FREE,0.0,NONE,0.0,2026-03-11,exchange_notice_20260311,免
SHFE,SN,FUTURE,OPEN,ALL,,,FIXED,3.0,FIXED,0.01,2026-03-11,exchange_notice_20260311,3
SHFE,SN,FUTURE,CLOSE_YEST,ALL,,,FIXED,3.0,FIXED,0.01,2026-03-11,exchange_notice_20260311,3
SHFE,SN,FUTURE,OPEN,CONTRACTS,,SN2602,FIXED,3.0,FIXED,0.01,2026-03-11,exchange_notice_20260311,3
SHFE,SN,FUTURE,CLOSE_YEST,CONTRACTS,,SN2602,FIXED,3.0,FIXED,0.01,2026-03-11,exchange_notice_20260311,3
SHFE,SN,OPTION,OPEN,ALL,,,FIXED,1.5,NONE,0.0,2026-03-11,exchange_notice_20260311,1.5
SHFE,SN,OPTION,CLOSE_YEST,ALL,,,FIXED,1.5,NONE,0.0,2026-03-11,exchange_notice_20260311,1.5
SHFE,SN,OPTION,CLOSE_TODAY,ALL,,,FREE,0.0,NONE,0.0,2026-03-11,exchange_notice_20260311,免
SHFE,SP,FUTURE,OPEN,ALL,,,PCT,0.5,FIXED,0.01,2026-03-11,exchange_notice_20260311,0.5%%
SHFE,SP,FUTURE,CLOSE_YEST,ALL,,,PCT,0.5,FIXED,0.01,2026-03-11,exchange_notice_20260311,0.5%%
SHFE,SP,FUTURE,CLOSE_TODAY,ALL,,,FREE,0.0,FIXED,0.01,2026-03-11,exchange_notice_20260311,免
SHFE,SP,OPTION,OPEN,ALL,,,FIXED,1.5,NONE,0.0,2026-03-11,exchange_notice_20260311,1.5
SHFE,SP,OPTION,CLOSE_YEST,ALL,,,FIXED,1.5,NONE,0.0,2026-03-11,exchange_notice_20260311,1.5
SHFE,SP,OPTION,CLOSE_TODAY,ALL,,,FREE,0.0,NONE,0.0,2026-03-11,exchange_notice_20260311,免
SHFE,SS,FUTURE,OPEN,ALL,,,FIXED,2.0,FIXED,0.01,2026-03-11,exchange_notice_20260311,2
SHFE,SS,FUTURE,CLOSE_YEST,ALL,,,FIXED,2.0,FIXED,0.01,2026-03-11,exchange_notice_20260311,2
SHFE,SS,FUTURE,CLOSE_TODAY,ALL,,,FREE,0.0,FIXED,0.01,2026-03-11,exchange_notice_20260311,免
SHFE,WR,FUTURE,OPEN,ALL,,,PCT,0.4,FIXED,0.01,2026-03-11,exchange_notice_20260311,0.4%%
SHFE,WR,FUTURE,CLOSE_YEST,ALL,,,PCT,0.4,FIXED,0.01,2026-03-11,exchange_notice_20260311,0.4%%
SHFE,WR,FUTURE,CLOSE_TODAY,ALL,,,FREE,0.0,FIXED,0.01,2026-03-11,exchange_notice_20260311,免
SHFE,ZN,FUTURE,OPEN,ALL,,,FIXED,3.0,FIXED,0.01,2026-03-11,exchange_notice_20260311,3
SHFE,ZN,FUTURE,CLOSE_YEST,ALL,,,FIXED,3.0,FIXED,0.01,2026-03-11,exchange_notice_20260311,3
SHFE,ZN,FUTURE,CLOSE_TODAY,ALL,,,FREE,0.0,FIXED,0.01,2026-03-11,exchange_notice_20260311,免
SHFE,ZN,OPTION,OPEN,ALL,,,FIXED,1.5,NONE,0.0,2026-03-11,exchange_notice_20260311,1.5
SHFE,ZN,OPTION,CLOSE_YEST,ALL,,,FIXED,1.5,NONE,0.0,2026-03-11,exchange_notice_20260311,1.5
SHFE,ZN,OPTION,CLOSE_TODAY,ALL,,,FREE,0.0,NONE,0.0,2026-03-11,exchange_notice_20260311,免
SHFE,AO,FUTURE,OPEN,ALL,,,PCT,1.0,FIXED,0.01,2026-03-11,exchange_notice_20260311,1%%
SHFE,AO,FUTURE,CLOSE_YEST,ALL,,,PCT,1.0,FIXED,0.01,2026-03-11,exchange_notice_20260311,1%%
SHFE,AO,OPTION,OPEN,ALL,,,FIXED,3.5,NONE,0.0,2026-03-11,exchange_notice_20260311,3.5
SHFE,AO,OPTION,CLOSE_YEST,ALL,,,FIXED,3.5,NONE,0.0,2026-03-11,exchange_notice_20260311,3.5
SHFE,AO,OPTION,CLOSE_TODAY,ALL,,,FREE,0.0,NONE,0.0,2026-03-11,exchange_notice_20260311,免
SHFE,BR,FUTURE,OPEN,ALL,,,PCT,0.2,FIXED,0.01,2026-03-11,exchange_notice_20260311,0.2%%
SHFE,BR,FUTURE,CLOSE_YEST,ALL,,,PCT,0.2,FIXED,0.01,2026-03-11,exchange_notice_20260311,0.2%%
SHFE,BR,OPTION,OPEN,ALL,,,FIXED,0.5,NONE,0.0,2026-03-11,exchange_notice_20260311,0.5
SHFE,BR,OPTION,CLOSE_YEST,ALL,,,FIXED,0.5,NONE,0.0,2026-03-11,exchange_notice_20260311,0.5
SHFE,BR,OPTION,CLOSE_TODAY,ALL,,,FREE,0.0,NONE,0.0,2026-03-11,exchange_notice_20260311,免
SHFE,SP,FUTURE,OPEN,ALL,,,PCT,0.5,FIXED,0.01,2026-03-11,exchange_notice_20260311,0.5%%
SHFE,SP,FUTURE,CLOSE_YEST,ALL,,,PCT,0.5,FIXED,0.01,2026-03-11,exchange_notice_20260311,0.5%%
SHFE,SP,FUTURE,CLOSE_TODAY,ALL,,,FREE,0.0,FIXED,0.01,2026-03-11,exchange_notice_20260311,免
SHFE,SP,OPTION,OPEN,ALL,,,FIXED,5.0,NONE,0.0,2026-03-11,exchange_notice_20260311,5
SHFE,SP,OPTION,CLOSE_YEST,ALL,,,FIXED,5.0,NONE,0.0,2026-03-11,exchange_notice_20260311,5
SHFE,SP,OPTION,CLOSE_TODAY,ALL,,,FREE,0.0,NONE,0.0,2026-03-11,exchange_notice_20260311,免
CFFEX,IC,FUTURE,OPEN,ALL,,,PCT,0.23,FIXED,0.01,2026-03-11,exchange_notice_20260311,交易0.23%%
CFFEX,IC,FUTURE,CLOSE_YEST,ALL,,,PCT,0.23,FIXED,0.01,2026-03-11,exchange_notice_20260311,交易0.23%%
CFFEX,IC,FUTURE,CLOSE_TODAY,ALL,,,PCT,2.3,FIXED,0.01,2026-03-11,exchange_notice_20260311,平今2.3%%
CFFEX,IH,FUTURE,OPEN,ALL,,,PCT,0.23,FIXED,0.01,2026-03-11,exchange_notice_20260311,交易0.23%%
CFFEX,IH,FUTURE,CLOSE_YEST,ALL,,,PCT,0.23,FIXED,0.01,2026-03-11,exchange_notice_20260311,交易0.23%%
CFFEX,IH,FUTURE,CLOSE_TODAY,ALL,,,PCT,2.3,FIXED,0.01,2026-03-11,exchange_notice_20260311,平今2.3%%
CFFEX,IM,FUTURE,OPEN,CONTRACTS,,IM1000,PCT,0.23,FIXED,0.01,2026-03-11,exchange_notice_20260311,交易0.23%%
CFFEX,IM,FUTURE,CLOSE_YEST,CONTRACTS,,IM1000,PCT,0.23,FIXED,0.01,2026-03-11,exchange_notice_20260311,交易0.23%%
CFFEX,IM,FUTURE,CLOSE_TODAY,CONTRACTS,,IM1000,PCT,2.3,FIXED,0.01,2026-03-11,exchange_notice_20260311,平今2.3%%
INE,BC,FUTURE,OPEN,ALL,,,PCT,0.1,FIXED,0.01,2026-03-11,exchange_notice_20260311,0.1%%
INE,BC,FUTURE,CLOSE_YEST,ALL,,,PCT,0.1,FIXED,0.01,2026-03-11,exchange_notice_20260311,0.1%%
INE,BC,FUTURE,CLOSE_TODAY,ALL,,,FREE,0.0,FIXED,0.01,2026-03-11,exchange_notice_20260311,免
INE,EC,FUTURE,OPEN,ALL,,,PCT,6.0,FIXED,0.01,2026-03-11,exchange_notice_20260311,6%%
INE,EC,FUTURE,CLOSE_YEST,ALL,,,PCT,6.0,FIXED,0.01,2026-03-11,exchange_notice_20260311,6%%
INE,EC,FUTURE,CLOSE_TODAY,ALL,,,PCT,12.0,FIXED,0.01,2026-03-11,exchange_notice_20260311,平今12%%
INE,LU,FUTURE,OPEN,ALL,,,PCT,0.1,FIXED,0.01,2026-03-11,exchange_notice_20260311,0.1%%
INE,LU,FUTURE,CLOSE_YEST,ALL,,,PCT,0.1,FIXED,0.01,2026-03-11,exchange_notice_20260311,0.1%%
INE,LU,FUTURE,OPEN,CONTRACTS,1;2;3;4;5;6;7;8;9;10;11;12,LU2604;LU2605;LU2606;LU2607;LU2608;LU2609;LU2610;LU2611;LU2612;LU2701;LU2702;LU2703,PCT,1.0,FIXED,0.01,2026-03-11,exchange_notice_20260311,1%%
INE,LU,FUTURE,CLOSE_YEST,CONTRACTS,1;2;3;4;5;6;7;8;9;10;11;12,LU2604;LU2605;LU2606;LU2607;LU2608;LU2609;LU2610;LU2611;LU2612;LU2701;LU2702;LU2703,PCT,1.0,FIXED,0.01,2026-03-11,exchange_notice_20260311,1%%
INE,LU,FUTURE,CLOSE_TODAY,CONTRACTS,1;2;3;4;5;6;7;8;9;10;11;12,LU2604;LU2605;LU2606;LU2607;LU2608;LU2609;LU2610;LU2611;LU2612;LU2701;LU2702;LU2703,PCT,3.0,FIXED,0.01,2026-03-11,exchange_notice_20260311,平今3%%
INE,NR,FUTURE,OPEN,ALL,,,PCT,0.2,FIXED,0.01,2026-03-11,exchange_notice_20260311,0.2%%
INE,NR,FUTURE,CLOSE_YEST,ALL,,,PCT,0.2,FIXED,0.01,2026-03-11,exchange_notice_20260311,0.2%%
INE,NR,FUTURE,CLOSE_TODAY,ALL,,,FREE,0.0,FIXED,0.01,2026-03-11,exchange_notice_20260311,免
INE,SC,FUTURE,OPEN,ALL,,,FIXED,20.0,FIXED,0.01,2026-03-11,exchange_notice_20260311,20
INE,SC,FUTURE,CLOSE_YEST,ALL,,,FIXED,20.0,FIXED,0.01,2026-03-11,exchange_notice_20260311,20
INE,SC,FUTURE,CLOSE_TODAY,ALL,,,FREE,0.0,FIXED,0.01,2026-03-11,exchange_notice_20260311,免
INE,SC,FUTURE,OPEN,CONTRACTS,1;2;3;4;5;6;7;8;9;10;11;12,SC2604;SC2605;SC2606;SC2607;SC2608;SC2609;SC2610;SC2611;SC2612;SC2701;SC2702;SC2703;SC2706;SC2709;SC2712;SC2803;SC2806;SC2809;SC2812;SC2903,FIXED,40.0,FIXED,0.01,2026-03-11,exchange_notice_20260311,40
INE,SC,FUTURE,CLOSE_YEST,CONTRACTS,1;2;3;4;5;6;7;8;9;10;11;12,SC2604;SC2605;SC2606;SC2607;SC2608;SC2609;SC2610;SC2611;SC2612;SC2701;SC2702;SC2703;SC2706;SC2709;SC2712;SC2803;SC2806;SC2809;SC2812;SC2903,FIXED,40.0,FIXED,0.01,2026-03-11,exchange_notice_20260311,40
INE,SC,FUTURE,CLOSE_TODAY,CONTRACTS,1;2;3;4;5;6;7;8;9;10;11;12,SC2604;SC2605;SC2606;SC2607;SC2608;SC2609;SC2610;SC2611;SC2612;SC2701;SC2702;SC2703;SC2706;SC2709;SC2712;SC2803;SC2806;SC2809;SC2812;SC2903,FIXED,240.0,FIXED,0.01,2026-03-11,exchange_notice_20260311,平今240
INE,SC,FUTURE,OPEN,ALL,,,FIXED,20.0,FIXED,0.01,2026-03-11,exchange_notice_20260311,20
INE,SC,FUTURE,CLOSE_YEST,ALL,,,FIXED,20.0,FIXED,0.01,2026-03-11,exchange_notice_20260311,20
INE,SC,FUTURE,CLOSE_TODAY,ALL,,,FREE,0.0,FIXED,0.01,2026-03-11,exchange_notice_20260311,免
INE,SC,FUTURE,OPEN,CONTRACTS,1;2;3;4;5;6;7;8;9;10;11;12,SC2604;SC2605;SC2606;SC2607;SC2608;SC2609;SC2610;SC2611;SC2612;SC2701;SC2702;SC2703;SC2706;SC2709;SC2712;SC2803;SC2806;SC2809;SC2812;SC2903,FIXED,40.0,FIXED,0.01,2026-03-11,exchange_notice_20260311,40
INE,SC,FUTURE,CLOSE_YEST,CONTRACTS,1;2;3;4;5;6;7;8;9;10;11;12,SC2604;SC2605;SC2606;SC2607;SC2608;SC2609;SC2610;SC2611;SC2612;SC2701;SC2702;SC2703;SC2706;SC2709;SC2712;SC2803;SC2806;SC2809;SC2812;SC2903,FIXED,40.0,FIXED,0.01,2026-03-11,exchange_notice_20260311,40
INE,SC,FUTURE,CLOSE_TODAY,CONTRACTS,1;2;3;4;5;6;7;8;9;10;11;12,SC2604;SC2605;SC2606;SC2607;SC2608;SC2609;SC2610;SC2611;SC2612;SC2701;SC2702;SC2703;SC2706;SC2709;SC2712;SC2803;SC2806;SC2809;SC2812;SC2903,FIXED,240.0,FIXED,0.01,2026-03-11,exchange_notice_20260311,平今240
INE,SC,OPTION,OPEN,ALL,,,FIXED,10.0,NONE,0.0,2026-03-11,exchange_notice_20260311,10
INE,SC,OPTION,CLOSE_YEST,ALL,,,FIXED,10.0,NONE,0.0,2026-03-11,exchange_notice_20260311,10
INE,SC,OPTION,CLOSE_TODAY,ALL,,,FREE,0.0,NONE,0.0,2026-03-11,exchange_notice_20260311,免
GFEX,SI,FUTURE,OPEN,ALL,,,PCT,1.0,FIXED,0.01,2026-03-11,exchange_notice_20260311,1%%
GFEX,SI,FUTURE,CLOSE_YEST,ALL,,,PCT,1.0,FIXED,0.01,2026-03-11,exchange_notice_20260311,1%%
GFEX,SI,FUTURE,CLOSE_TODAY,ALL,,,FREE,0.0,FIXED,0.01,2026-03-11,exchange_notice_20260311,免
GFEX,SI,OPTION,OPEN,ALL,,,FIXED,2.0,NONE,0.0,2026-03-11,exchange_notice_20260311,2
GFEX,SI,OPTION,CLOSE_YEST,ALL,,,FIXED,2.0,NONE,0.0,2026-03-11,exchange_notice_20260311,2
GFEX,SI,OPTION,CLOSE_TODAY,ALL,,,FREE,0.0,NONE,0.0,2026-03-11,exchange_notice_20260311,免
GFEX,LC,FUTURE,OPEN,ALL,,,PCT,0.8,FIXED,0.01,2026-03-11,exchange_notice_20260311,0.8%%
GFEX,LC,FUTURE,CLOSE_YEST,ALL,,,PCT,0.8,FIXED,0.01,2026-03-11,exchange_notice_20260311,0.8%%
GFEX,LC,FUTURE,CLOSE_TODAY,ALL,,,FREE,0.0,FIXED,0.01,2026-03-11,exchange_notice_20260311,免
GFEX,LC,FUTURE,OPEN,CONTRACTS,,LC2601;LC2602;LC2603;LC2604;LC2605;LC2606;LC2607;LC2608;LC2609;LC2610;LC2611;LC2612;LC2701;LC2702,PCT,3.2,FIXED,0.01,2026-03-11,exchange_notice_20260311,3.2%%
GFEX,LC,FUTURE,CLOSE_YEST,CONTRACTS,,LC2601;LC2602;LC2603;LC2604;LC2605;LC2606;LC2607;LC2608;LC2609;LC2610;LC2611;LC2612;LC2701;LC2702,PCT,3.2,FIXED,0.01,2026-03-11,exchange_notice_20260311,3.2%%
GFEX,LC,FUTURE,CLOSE_TODAY,CONTRACTS,,LC2601;LC2602;LC2603;LC2604;LC2605;LC2606;LC2607;LC2608;LC2609;LC2610;LC2611;LC2612;LC2701;LC2702,PCT,3.2,FIXED,0.01,2026-03-11,exchange_notice_20260311,平今3.2%%
GFEX,LC,OPTION,OPEN,ALL,,,FIXED,3.0,NONE,0.0,2026-03-11,exchange_notice_20260311,3
GFEX,LC,OPTION,CLOSE_YEST,ALL,,,FIXED,3.0,NONE,0.0,2026-03-11,exchange_notice_20260311,3
GFEX,LC,OPTION,CLOSE_TODAY,ALL,,,FREE,0.0,NONE,0.0,2026-03-11,exchange_notice_20260311,免
GFEX,PS,FUTURE,OPEN,ALL,,,PCT,1.0,FIXED,0.01,2026-03-11,exchange_notice_20260311,1%%
GFEX,PS,FUTURE,CLOSE_YEST,ALL,,,PCT,1.0,FIXED,0.01,2026-03-11,exchange_notice_20260311,1%%
GFEX,PS,FUTURE,OPEN,CONTRACTS,,PS2601;PS2602;PS2603;PS2604;PS2605;PS2606;PS2607;PS2608;PS2609;PS2610;PS2611;PS2612;PS2701;PS2702,PCT,5.0,FIXED,0.01,2026-03-11,exchange_notice_20260311,5%%
GFEX,PS,FUTURE,CLOSE_YEST,CONTRACTS,,PS2601;PS2602;PS2603;PS2604;PS2605;PS2606;PS2607;PS2608;PS2609;PS2610;PS2611;PS2612;PS2701;PS2702,PCT,5.0,FIXED,0.01,2026-03-11,exchange_notice_20260311,5%%
GFEX,PS,OPTION,OPEN,ALL,,,FIXED,2.0,NONE,0.0,2026-03-11,exchange_notice_20260311,2
GFEX,PS,OPTION,CLOSE_YEST,ALL,,,FIXED,2.0,NONE,0.0,2026-03-11,exchange_notice_20260311,2
GFEX,PT,FUTURE,OPEN,ALL,,,PCT,1.0,FIXED,0.01,2026-03-11,exchange_notice_20260311,1%%
GFEX,PT,FUTURE,CLOSE_YEST,ALL,,,PCT,1.0,FIXED,0.01,2026-03-11,exchange_notice_20260311,1%%
GFEX,PT,FUTURE,CLOSE_TODAY,ALL,,,FREE,0.0,FIXED,0.01,2026-03-11,exchange_notice_20260311,免
GFEX,PT,FUTURE,OPEN,CONTRACTS,,PT2606,PCT,2.5,FIXED,0.01,2026-03-11,exchange_notice_20260311,2.5%%
GFEX,PT,FUTURE,CLOSE_YEST,CONTRACTS,,PT2606,PCT,2.5,FIXED,0.01,2026-03-11,exchange_notice_20260311,2.5%%
GFEX,PT,OPTION,OPEN,ALL,,,FIXED,2.0,NONE,0.0,2026-03-11,exchange_notice_20260311,2
GFEX,PT,OPTION,CLOSE_YEST,ALL,,,FIXED,2.0,NONE,0.0,2026-03-11,exchange_notice_20260311,2
GFEX,PT,OPTION,CLOSE_TODAY,ALL,,,FREE,0.0,NONE,0.0,2026-03-11,exchange_notice_20260311,免
GFEX,PD,FUTURE,OPEN,ALL,,,PCT,1.0,FIXED,0.01,2026-03-11,exchange_notice_20260311,1%%
GFEX,PD,FUTURE,CLOSE_YEST,ALL,,,PCT,1.0,FIXED,0.01,2026-03-11,exchange_notice_20260311,1%%
GFEX,PD,FUTURE,CLOSE_TODAY,ALL,,,FREE,0.0,FIXED,0.01,2026-03-11,exchange_notice_20260311,免
GFEX,PD,FUTURE,OPEN,CONTRACTS,,PD2606,PCT,2.5,FIXED,0.01,2026-03-11,exchange_notice_20260311,2.5%%
GFEX,PD,FUTURE,CLOSE_YEST,CONTRACTS,,PD2606,PCT,2.5,FIXED,0.01,2026-03-11,exchange_notice_20260311,2.5%%
GFEX,PD,OPTION,OPEN,ALL,,,FIXED,2.0,NONE,0.0,2026-03-11,exchange_notice_20260311,2
GFEX,PD,OPTION,CLOSE_YEST,ALL,,,FIXED,2.0,NONE,0.0,2026-03-11,exchange_notice_20260311,2
GFEX,PD,OPTION,CLOSE_TODAY,ALL,,,FREE,0.0,NONE,0.0,2026-03-11,exchange_notice_20260311,免
